{
  "classic": [
    {
      "pathBig": "/2010/08/classic1.jpg",
      "title": "Название камина",
      "pathSmall": "/2010/08/classic1_s.jpg"
    },
    {
      "pathBig": "/2010/08/classic2.jpg",
      "title": "Название камина",
      "pathSmall": "/2010/08/classic2_s.jpg"
    },
    {
      "pathBig": "/2010/08/classic3.jpg",
      "title": "Название камина",
      "pathSmall": "/2010/08/classic3_s.jpg"
    },
    {
      "pathBig": "/2010/08/classic4.jpg",
      "title": "Название картинки",
      "pathSmall": "/2010/08/classic4_s.jpg"
    },
    {
      "pathBig": "/2010/08/classic5.jpg",
      "title": "Название картинки",
      "pathSmall": "/2010/08/classic5_s.jpg"
    },
    {
      "pathBig": "/2010/08/classic6.jpg",
      "title": "Название картинки",
      "pathSmall": "/2010/08/classic6_s.jpg"
    },
    {
      "pathBig": "/2010/08/classic7.jpg",
      "title": "Название картинки",
      "pathSmall": "/2010/08/classic7_s.jpg"
    },
    {
      "pathBig": "/2010/08/classic8.jpg",
      "title": "Название картинки",
      "pathSmall": "/2010/08/classic8_s.jpg"
    },
    {
      "pathBig": "/2010/08/classic10.jpg",
      "title": "Название картинки",
      "pathSmall": "/2010/08/classic10_s.jpg"
    },
    {
      "pathBig": "/2010/08/classic12.jpg",
      "title": "Название картинки",
      "pathSmall": "/2010/08/classic12_s.jpg"
    },
    {
      "pathBig": "/2010/08/classic13.jpg",
      "title": "Название картинки",
      "pathSmall": "/2010/08/classic13_s.jpg"
    },
    {
      "pathBig": "/2010/08/classic14.jpg",
      "title": "Название картинки",
      "pathSmall": "/2010/08/classic14_s.jpg"
    },
    {
      "pathBig": "/2010/08/classic15.jpg",
      "title": "Название картинки",
      "pathSmall": "/2010/08/classic15_s.jpg"
    },
    {
      "pathBig": "/2010/08/classic16.jpg",
      "title": "Название картинки",
      "pathSmall": "/2010/08/classic16_s.jpg"
    },
    {
      "pathBig": "/2010/08/classic17.jpg",
      "title": "Название картинки",
      "pathSmall": "/2010/08/classic17_s.jpg"
    },
    {
      "pathBig": "/2010/08/classic18.jpg",
      "title": "Название картинки",
      "pathSmall": "/2010/08/classic18_s.jpg"
    },
    {
      "pathBig": "/2010/08/classic19.jpg",
      "title": "Название картинки",
      "pathSmall": "/2010/08/classic19_s.jpg"
    },
    {
      "pathBig": "/2010/08/classic20.jpg",
      "title": "Название картинки",
      "pathSmall": "/2010/08/classic20_s.jpg"
    },
    {
      "pathBig": "/2010/08/classic21.jpg",
      "title": "Название картинки",
      "pathSmall": "/2010/08/classic21_s.jpg"
    },
    {
      "pathBig": "/2010/08/classic22.jpg",
      "title": "Название картинки",
      "pathSmall": "/2010/08/classic22_s.jpg"
    },
    {
      "pathBig": "/2010/08/classic23.jpg",
      "title": "Название картинки",
      "pathSmall": "/2010/08/classic23_s.jpg"
    },
    {
      "pathBig": "/2010/08/classic24.jpg",
      "title": "Название картинки",
      "pathSmall": "/2010/08/classic24_s.jpg"
    },
    {
      "pathBig": "/2010/08/classic25.jpg",
      "title": "Название картинки",
      "pathSmall": "/2010/08/classic25_s.jpg"
    },
    {
      "pathBig": "/2010/08/classic26.jpg",
      "title": "Название картинки",
      "pathSmall": "/2010/08/classic26_s.jpg"
    },
    {
      "pathBig": "/2010/08/classic27.jpg",
      "title": "Название картинки",
      "pathSmall": "/2010/08/classic27_s.jpg"
    },
    {
      "pathBig": "/2010/08/classic28.jpg",
      "title": "Название картинки",
      "pathSmall": "/2010/08/classic28_s.jpg"
    },
    {
      "pathBig": "/2010/08/classic29.jpg",
      "title": "Название картинки",
      "pathSmall": "/2010/08/classic29_s.jpg"
    },
    {
      "pathBig": "/2010/08/classic30.jpg",
      "title": "Название картинки",
      "pathSmall": "/2010/08/classic30_s.jpg"
    },
    {
      "pathBig": "/2010/08/classic31.jpg",
      "title": "Название картинки",
      "pathSmall": "/2010/08/classic31_s.jpg"
    },
    {
      "pathBig": "/2010/08/classic32.jpg",
      "title": "Название картинки",
      "pathSmall": "/2010/08/classic32_s.jpg"
    },
    {
      "pathBig": "/2010/08/classic33.jpg",
      "title": "Название картинки",
      "pathSmall": "/2010/08/classic33_s.jpg"
    },
    {
      "pathBig": "/2010/08/classic34.jpg",
      "title": "Название картинки",
      "pathSmall": "/2010/08/classic34_s.jpg"
    },
    {
      "pathBig": "/2010/08/classic35.jpg",
      "title": "Название картинки",
      "pathSmall": "/2010/08/classic35_s.jpg"
    },
    {
      "pathBig": "/2011/04/classic36.jpg",
      "title": "Классический камин",
      "pathSmall": "/2011/04/classic36_s1.jpg"
    },
    {
      "pathBig": "/2011/04/classic37.jpg",
      "title": "Классический камин",
      "pathSmall": "/2011/04/classic37_s.jpg"
    },
    {
      "pathBig": "/2011/05/classic_38.jpg",
      "title": "Классический камин",
      "pathSmall": "/2011/05/classic_38_sm.jpg"
    },
    {
      "pathBig": "/2011/05/classic_39.jpg",
      "title": "Классический камин",
      "pathSmall": "/2011/05/classic_39_sm.jpg"
    },
    {
      "pathBig": "/2011/06/classic40.jpg",
      "title": "Классический камин",
      "pathSmall": "/2011/06/classic40_s.jpg"
    },
    {
      "pathBig": "/2011/06/classic41.jpg",
      "title": "Классический камин",
      "pathSmall": "/2011/06/classic41_s.jpg"
    },
    {
      "pathBig": "/2012/03/img6.jpg",
      "title": "Классический камин",
      "pathSmall": "/2012/03/img6_s.jpg"
    },
    {
      "pathBig": "/2012/03/img4.jpg",
      "title": "Классический камин",
      "pathSmall": "/2012/03/img4_s.jpg"
    }
  ],

  "modern": [
    {
      "pathBig": "/2010/08/modern4.jpg",
      "title": "Автор Багряшов В.А.",
      "pathSmall": "/2010/08/modern4_s.jpg"
    },
    {
      "pathBig": "/2010/08/modern5.jpg",
      "title": "Автор Багряшов В.А.",
      "pathSmall": "/2010/08/modern5_s.jpg"
    },
    {
      "pathBig": "/2010/08/modern6.jpg",
      "title": "Автор Дмитрий Фоменко",
      "pathSmall": "/2010/08/modern6_s.jpg"
    },
    {
      "pathBig": "/2011/02/modern7.jpg",
      "title": "Название картинки",
      "pathSmall": "/2011/02/modern7_s.jpg"
    },
    {
      "pathBig": "/2011/06/modern8.jpg",
      "title": "Название картинки",
      "pathSmall": "/2011/06/modern8_s.jpg"
    },
    {
      "pathBig": "/2011/06/modern9.jpg",
      "title": "Название картинки",
      "pathSmall": "/2011/06/modern9_s.jpg"
    },
    {
      "pathBig": "/2012/03/img3.jpg",
      "title": "Название картинки",
      "pathSmall": "/2012/03/img3_s.jpg"
    },
    {
      "pathBig": "/2012/03/img5.jpg",
      "title": "Название картинки",
      "pathSmall": "/2012/03/img5_s.jpg"
    }
  ],

  "hitech": [
    {
      "pathBig": "/2010/08/modern1.jpg",
      "title": "Автор Юрий Морозюк",
      "pathSmall": "/2010/08/modern1_s.jpg"
    },
    {
      "pathBig": "/2010/08/modern2.jpg",
      "title": "Название камина",
      "pathSmall": "/2010/08/modern2_s.jpg"
    },
    {
      "pathBig": "/2010/08/modern3.jpg",
      "title": "Название камина",
      "pathSmall": "/2010/08/modern3_s.jpg"
    },
    {
      "pathBig": "/2011/06/hitech1.jpg",
      "title": "Название камина",
      "pathSmall": "/2011/06/hitech1_s.jpg"
    }
  ],

  "country": [
    {
      "pathBig": "/2010/09/country1.jpg",
      "title": "Название камина",
      "pathSmall": "/2010/09/country1_s.jpg"
    },
    {
      "pathBig": "/2010/09/country2.jpg",
      "title": "Название камина",
      "pathSmall": "/2010/09/country2_s.jpg"
    },
    {
      "pathBig": "/2010/09/country3.jpg",
      "title": "Название камина",
      "pathSmall": "/2010/09/country3_s.jpg"
    },
    {
      "pathBig": "/2010/09/country4.jpg",
      "title": "Название картинки",
      "pathSmall": "/2010/09/country4_s.jpg"
    },
    {
      "pathBig": "/2010/09/country5.jpg",
      "title": "Название картинки",
      "pathSmall": "/2010/09/country5_s.jpg"
    },
    {
      "pathBig": "/2010/09/country6.jpg",
      "title": "Название картинки",
      "pathSmall": "/2010/09/country6_s.jpg"
    },
    {
      "pathBig": "/2010/09/country7.jpg",
      "title": "Название картинки",
      "pathSmall": "/2010/09/country7_s.jpg"
    },
    {
      "pathBig": "/2011/02/country8.jpg",
      "title": "Автор Багряшов В.А.",
      "pathSmall": "/2011/02/country8_s.jpg"
    },
    {
      "pathBig": "/2011/02/country9.jpg",
      "title": "Автор Багряшов В.А.",
      "pathSmall": "/2011/02/country9_s.jpg"
    },
    {
      "pathBig": "/2012/03/img1.jpg",
      "title": "Кантри камин",
      "pathSmall": "/2012/03/img1_s.jpg"
    },
    {
      "pathBig": "/2012/03/img2.jpg",
      "title": "Кантри камин",
      "pathSmall": "/2012/03/img2_s.jpg"
    }
  ],

  "prototype": [
    {
      "pathBig": "/2010/09/prototype1.jpg",
      "title": "Автор Антонина Щербакова",
      "pathSmall": "/2010/09/prototype1_s.jpg"
    },
    {
      "pathBig": "/2010/09/prototype2.jpg",
      "title": "Автор Антонина Щербакова",
      "pathSmall": "/2010/09/prototype2_s.jpg"
    },
    {
      "pathBig": "/2010/09/prototype12.jpg",
      "title": "Автор Александра Котевец",
      "pathSmall": "/2010/09/prototype12_s.jpg"
    },
    {
      "pathBig": "/2010/09/prototype5.jpg",
      "title": "Автор Антонина Щербакова",
      "pathSmall": "/2010/09/prototype5_s.jpg"
    },
    {
      "pathBig": "/2010/09/prototype7.jpg",
      "title": "Автор Антонина Щербакова",
      "pathSmall": "/2010/09/prototype7_s.jpg"
    },
    {
      "pathBig": "/2010/09/prototype8.jpg",
      "title": " ",
      "pathSmall": "/2010/09/prototype8_s.jpg"
    },
    {
      "pathBig": "/2010/09/prototype9.jpg",
      "title": "Автор Антонина Щербакова",
      "pathSmall": "/2010/09/prototype9_s.jpg"
    },
    {
      "pathBig": "/2010/09/prototype10.jpg",
      "title": "Автор Антонина Щербакова",
      "pathSmall": "/2010/09/prototype10_s.jpg"
    },
    {
      "pathBig": "/2010/09/prototype11.jpg",
      "title": "Автор Антонина Щербакова",
      "pathSmall": "/2010/09/prototype11_s.jpg"
    },
    {
      "pathBig": "/2010/09/prototype13.jpg",
      "title": "Автор Юрий Морозюк",
      "pathSmall": "/2010/09/prototype13_s.jpg"
    },
    {
      "pathBig": "/2010/09/prototype14.jpg",
      "title": "Автор Антонина Щербакова",
      "pathSmall": "/2010/09/prototype14_s.jpg"
    },
    {
      "pathBig": "/2010/09/prototype15.jpg",
      "title": "Автор Антонина Щербакова",
      "pathSmall": "/2010/09/prototype15_s.jpg"
    },
    {
      "pathBig": "/2010/09/prototype3.jpg",
      "title": "Автор Антонина Щербакова",
      "pathSmall": "/2010/09/prototype3_s.jpg"
    },
    {
      "pathBig": "/2010/09/prototype4.jpg",
      "title": "Автор Антонина Щербакова",
      "pathSmall": "/2010/09/prototype4_s.jpg"
    },
    {
      "pathBig": "/2010/09/prototype6.jpg",
      "title": "Автор Антонина Щербакова",
      "pathSmall": "/2010/09/prototype6_s.jpg"
    }
  ],

  "bbq": [
    {
      "pathBig": "/2020/06/img1.jpg",
      "title": "Барбекю",
      "pathSmall": "/2020/06/img1_s.jpg"
    },
    {
      "pathBig": "/2020/06/img2.jpg",
      "title": "Барбекю",
      "pathSmall": "/2020/06/img2_s.jpg"
    }
  ]
}
